,ep_vars,al_vars,preds,stds,true
0,0.00094452,0.088383086,-22.204525,0.29887724,-22.470556002418697
1,0.0006392833,0.018501189,-23.895885,0.1383491,-23.900088930025284
2,5.822508e-05,0.2899425,-5.68106,0.5385172,-5.727084624613281
3,0.0005796011,0.033793,-22.6897,0.18539849,-22.635223120237466
4,0.0005830503,0.014806497,-23.28241,0.12405461,-23.36226683140003
5,0.0004785792,0.041655753,-21.554737,0.20526649,-21.431666372161686
6,0.00046681328,0.04926791,-21.5281,0.22301283,-21.578468394745894
7,4.5179604e-05,0.24489816,-5.9464207,0.4949175,-5.970979155808747
8,0.00058412796,0.03575925,-22.811205,0.1906394,-22.80023380093826
9,3.8932845e-05,0.23639724,-5.903418,0.48624703,-5.918979636276815
10,0.00018123754,4.023186,0.6696318,2.0058334,4.8455454387654076
11,0.00037797855,0.03621926,-21.595638,0.19130406,-21.71990067359255
12,0.0005849676,0.015323924,-22.909988,0.12613045,-22.90609708075375
13,0.0006363997,0.018842421,-23.711079,0.13956654,-23.803421213249496
14,0.0007012509,0.03688986,-23.64353,0.19388427,-23.67874145705444
15,0.00044634182,0.05301554,-21.459028,0.23121826,-21.420354291209406
16,4.2160238e-05,0.21957996,-5.7086153,0.46863857,-5.7928274230358054
17,8.5070234e-05,0.34345976,-5.3338766,0.586127,-5.4536556144906205
18,0.00038428605,0.03531678,-21.573757,0.18894726,-21.700909244052074
19,0.0021919846,0.0023931474,-45.393745,0.0677136,-45.37139261924287
20,0.0005800491,0.03407506,-22.760008,0.18615882,-22.699093630150262
21,0.00046133486,0.048354767,-21.58189,0.22094366,-21.546314543667137
22,0.0003728721,0.052897982,-21.53791,0.2308048,-21.47510824663623
23,0.00064552645,0.01849156,-23.846685,0.13833685,-23.725474681653715
24,6.591094e-05,0.311284,-5.5936017,0.5579874,-5.6638486366870655
25,3.877288e-05,0.25501907,-5.7614107,0.50503254,-5.74059840465983
26,0.0006432148,0.018339252,-23.873547,0.13777687,-23.85711425539472
27,0.0012083015,0.096389785,-21.005306,0.31240693,-21.388446657334985
28,0.00057172624,0.03416644,-22.736332,0.18638179,-22.65365020901501
29,0.0006821047,0.036906775,-23.642849,0.19387852,-23.63777889694371
30,0.0005366833,0.022470202,-22.80309,0.15168022,-22.757211099834915
31,0.000540573,0.022112604,-22.87303,0.15050973,-22.842198474484647
32,0.0006389061,0.020974752,-23.712238,0.14701584,-23.748387410794038
33,0.00053840736,0.023069236,-22.834768,0.1536478,-22.786875961656182
34,0.0009266446,0.029121403,-21.58649,0.17334373,-21.50916067114054
35,0.00059142074,0.036285497,-22.780783,0.19203363,-22.759861023901177
36,4.401505e-05,0.24054918,-5.9649568,0.490503,-5.993596975027787
37,0.0008816748,0.042295218,-22.951828,0.20779051,-23.192090759618956
38,0.00037516785,0.046733707,-21.678446,0.21704578,-21.62901732570831
39,0.00054817455,0.022670457,-22.863018,0.1523766,-22.81813789262435
40,4.7879297e-05,0.26661924,-5.8409505,0.51639825,-5.882916859744207
41,0.0021339166,0.0006263064,-45.792477,0.052537825,-45.82749672769116
42,0.0003785281,0.03630354,-21.53978,0.19152562,-21.553409005393757
43,5.045951e-05,0.2282705,-5.70234,0.47782943,-5.686082971630374
44,0.0015491009,0.12307652,-20.53778,0.35302356,-20.93705427512484
45,0.00057163235,0.0385908,-22.655079,0.197895,-22.62998686048121
46,4.879327e-05,0.21196881,-5.7049837,0.4604537,-5.790077731023117
47,0.0006521584,0.016924184,-23.963203,0.1325758,-23.951078849651473
48,0.00065583293,0.01691557,-23.956963,0.13255717,-23.921506118290576
49,0.00038902313,0.058310915,-21.497221,0.2422807,-21.386954481300275
50,0.00074571575,0.015234677,-22.927385,0.12641358,-22.970940098337966
51,0.00037481028,0.03981133,-21.419418,0.20046481,-21.61105511309347
52,0.01007161,1.063948e-06,-93.80766,0.10036271,-93.77230448941921
53,0.00038520974,0.043225233,-21.66187,0.20883113,-21.580704737640605
54,0.0004606914,0.049922444,-21.501446,0.22446188,-21.51879116154154
55,0.00038661633,0.040272504,-21.721567,0.20164107,-21.78796121664555
56,0.001073739,0.045024358,-21.030216,0.21470468,-20.876583461010334
57,0.00078220334,0.027348617,-21.80605,0.16772245,-22.00681575574722
58,0.00063783344,0.019747684,-23.785336,0.14277786,-23.72636757549142
59,0.00057648245,0.035533745,-22.774347,0.19002691,-22.795482195885953
60,0.0003649134,0.048832573,-21.656713,0.22180507,-21.613182263310065
61,0.0012202108,0.06706326,-20.550299,0.26131105,-20.292304420829012
62,0.00047495743,0.03889209,-21.673506,0.1984113,-21.509828940481345
63,0.0005539056,0.033674497,-22.780972,0.1850092,-22.68227460713408
64,0.00058221736,0.037430953,-22.737722,0.19496967,-22.72832658858086
65,4.970205e-05,0.26865974,-5.882451,0.51837194,-5.9324439263056625
66,0.0004279654,0.05421096,-21.347113,0.2337497,-21.16182233647665
67,0.00068461656,0.0409069,-23.52028,0.20393997,-23.561454027830795
68,0.0005781701,0.03480943,-22.779669,0.18811591,-22.734699990060477
69,0.002153142,0.0025826157,-45.341328,0.06881684,-45.318130265791666
70,0.0007060709,0.031702958,-23.861002,0.18002507,-23.87204490928933
71,0.00038511003,0.040298752,-21.720325,0.20170242,-21.776940490165217
72,0.005198706,1.4723712,-18.010597,1.2155534,-20.046954352324803
73,3.832232e-05,0.22356279,-5.8203506,0.4728648,-5.802600636530756
74,0.00077506434,0.018119184,-22.64552,0.13745634,-22.702894186391823
75,0.010517173,9.411925e-07,-94.843025,0.10255786,-94.7890057717302
76,4.7119585e-05,0.21788244,-5.6889033,0.46682927,-5.76585679478206
77,0.00048046184,0.041843217,-21.559025,0.20572719,-21.307617457094384
78,0.00053753203,0.022158865,-22.886517,0.15065323,-22.85268497482568
79,3.7499925e-05,0.2408174,-5.6043334,0.4907697,-5.716008465951448
80,0.00052437227,0.022195023,-22.837105,0.15072954,-22.82231696460608
81,0.00044580744,0.05254053,-21.342466,0.23018761,-21.298443800055328
82,0.00064649654,0.017742597,-23.922096,0.1356064,-23.93177986946692
83,0.00038016654,0.03842361,-21.40958,0.19698673,-21.615015647389633
84,0.00064251875,0.018080806,-23.898344,0.1368332,-23.863351065239907
85,0.0026229091,0.0014162645,-46.816093,0.063554496,-46.80184078463498
86,0.00049556704,0.046233833,-21.271046,0.21616985,-21.18279657089618
87,0.000381768,0.03555245,-21.398983,0.18956323,-21.70919304465123
88,3.94549e-05,0.23758104,-5.8159103,0.48746333,-5.777827517653302
89,0.00054299826,0.022829285,-22.849937,0.15287997,-22.83515407598118
90,0.00076395634,0.016262898,-22.713835,0.130487,-22.733961315499958
91,0.00057446054,0.033528116,-22.830652,0.18466884,-22.742669701665985
92,0.00023090128,0.38157964,-4.855132,0.6179082,-5.147082191288393
93,0.0006942286,0.113472365,-21.62592,0.33788547,-21.465358343692127
94,3.753418e-05,0.23149493,-5.8747926,0.48117822,-5.871639752858407
95,0.00064603006,0.017466659,-23.940865,0.1345834,-23.939399462867417
96,0.00037301527,0.038812153,-21.400864,0.19795245,-21.625907411842444
97,3.7086495e-05,0.25391874,-5.726786,0.5039403,-5.7222510373974975
98,0.00038006573,0.046054333,-21.72793,0.21548642,-21.591633441998233
99,0.0007132516,0.03179898,-23.871307,0.18031149,-23.85868283564126
100,0.00053162855,0.02350073,-22.773401,0.15502374,-22.75037022208579
101,0.00045457977,0.046755712,-21.409864,0.2172793,-21.51211901826542
102,0.0005884583,0.036492914,-22.79101,0.19256525,-22.7674013869181
103,0.00076693605,0.0607692,-22.935757,0.24806479,-22.921569375688936
104,0.0005767484,0.031018341,-22.836971,0.17775007,-22.90062113633252
105,0.0007089914,0.014913018,-23.106148,0.124988034,-23.15090318519251
106,0.0021615883,0.00071396295,-45.587963,0.053624164,-45.376274732598084
107,0.00063906336,0.018774098,-23.878973,0.13933112,-23.82733685949528
108,0.0009827235,0.024581341,-21.896633,0.15988767,-21.942330994834307
109,0.00039798516,0.043147482,-21.64708,0.2086755,-21.547064520912944
110,5.005695e-05,0.29765913,-5.7281,0.54562736,-5.747272933337119
111,3.7741556e-05,0.20856729,-5.800401,0.456733,-5.909035965409404
112,0.00063227373,0.02723966,-23.2456,0.1669489,-23.066518020289575
113,0.000382014,0.034350604,-21.612316,0.18636689,-21.697934206800507
114,0.00071188575,0.03034705,-23.875689,0.17623545,-23.862393163472852
115,0.00084174855,0.016563553,-22.71334,0.13192916,-22.780540733917725
116,0.0008233592,1.1177819,-18.069752,1.0576414,-18.93961220322257
117,4.4567856e-05,0.27019656,-5.7485075,0.5198472,-5.471015644278857
118,0.00064097694,0.018274259,-23.905203,0.13753267,-23.883608205889047
119,0.00070316385,0.036267765,-23.709906,0.19227825,-23.67235219820452
120,0.0013454478,0.06655964,-20.461355,0.26058605,-20.41117375913061
121,3.8570437e-05,0.2554501,-5.8990297,0.5054589,-5.814389091240146
122,0.0004064707,0.047606632,-21.665302,0.21911892,-21.42355766644899
123,0.00068831246,0.025988802,-23.891068,0.1633313,-23.741611264548737
124,3.7170994e-05,0.2770942,-5.401889,0.52643263,-5.362615431562383
125,0.010549061,9.4080633e-07,-94.84102,0.1027132,-94.8214831096141
126,0.00065042987,0.01846754,-23.850689,0.13826774,-23.811795848851663
127,0.00015824672,2.3266556,-1.0626545,1.5253898,-1.6560309628405474
128,0.00034315072,0.463017,-18.110521,0.6807056,-17.470214636124084
129,6.0767976e-05,0.27970165,-5.8454895,0.5289257,-5.757911302254753
130,0.00076629734,0.0349438,-22.755775,0.18897115,-22.70867903581075
131,0.0008608823,0.03193437,-23.813711,0.18109459,-23.750322868117262
132,0.0007158241,0.2392821,-20.80845,0.48989582,-20.81413411315275
133,0.000675978,0.04962034,-21.585255,0.2242684,-21.378956004369122
134,6.341325e-05,0.21663396,-5.861068,0.46550766,-5.874833828119141
135,0.00075284386,0.037553843,-21.50415,0.19572094,-21.636530147288084
136,0.0012831638,0.114026174,-19.809565,0.33957228,-19.552709478191794
137,0.00065834814,0.046955064,-21.548388,0.21820498,-21.56595406499556
138,0.0010733685,0.01631032,-22.520582,0.13184722,-22.473604203793904
139,0.0011556946,0.015739048,-22.735624,0.12997977,-22.740020681169675
140,0.0007653183,0.034151863,-21.596954,0.1868614,-21.686195975522924
141,0.0006539545,0.05372244,-21.50745,0.23318747,-21.40565453929746
142,0.00075496954,0.037871353,-22.730282,0.19653581,-22.740326095162505
143,0.00077876926,0.031779356,-22.8374,0.1804387,-22.775222053295234
144,0.0035953156,0.0004379035,-46.938133,0.06350763,-46.918969467473154
145,0.00129494,0.054698117,-20.786983,0.23662852,-20.585532208181068
146,0.0013674852,0.08520329,-20.257212,0.29422912,-19.92487885220408
147,0.00086452294,0.031051934,-23.869373,0.17865178,-23.838490819138404
148,0.0006930334,0.049105745,-21.686459,0.22315641,-21.57453950230842
149,0.0009394043,0.017374078,-23.926857,0.13532731,-23.934131891518867
150,0.00077362044,0.035294365,-22.774649,0.18991573,-22.779248712384867
151,0.0008979544,0.020887828,-23.791376,0.14760007,-23.797968863584902
152,0.0007566039,0.03606264,-21.567839,0.1918834,-21.63820033591032
153,0.0012963163,0.029649248,-21.552147,0.17591351,-21.66050122788212
154,0.00089607603,0.08376107,-20.847904,0.290959,-21.388393030126643
155,0.00093233597,0.01790884,-23.904987,0.13726316,-23.884693855643615
156,0.0009327106,0.017820925,-23.912022,0.1369439,-23.90190290194192
157,0.0007606953,0.03693105,-22.749363,0.19414362,-22.72569563019468
158,0.00070461613,0.043410234,-21.702877,0.21003535,-21.625290623111358
159,0.00085105444,0.030626569,-23.787283,0.17741933,-23.933446208486355
160,5.1585823e-05,0.26555252,-5.805392,0.5153679,-5.924634997836065
161,0.0012652125,0.020389672,-22.22208,0.14715599,-22.318906492551307
162,0.00065375766,0.05028791,-21.461233,0.22570261,-21.495858859372806
163,5.5371293e-05,0.2529611,-5.9650664,0.5030074,-5.91516979985268
164,0.0012973418,0.06194041,-20.640825,0.25147116,-20.37622514686001
165,0.0007421081,0.037776925,-22.708635,0.19626266,-22.65074347710142
166,0.0033773107,0.00067606324,-45.535538,0.06366611,-45.54130429821778
167,0.0001954941,0.8245019,-3.0986319,0.9081285,-3.2442176790347106
168,0.0014000812,0.07521043,-20.257008,0.27678603,-20.262779536690775
169,0.00095408445,0.16330582,-20.190655,0.40528992,-20.196539469105115
170,0.000911905,0.15615906,-19.842575,0.3963218,-20.120017806030337
171,0.0009302831,0.017697772,-23.903437,0.13648464,-23.904295177722258
172,0.0007304835,0.0981423,-22.182573,0.31444043,-22.173578008421124
173,0.0008682739,0.031113941,-23.818409,0.17883572,-23.85135394405943
174,0.0030828023,0.0019793909,-45.60482,0.07114909,-45.568945557116464
175,0.0008765543,0.029730558,-23.90688,0.17494889,-23.85821864693118
176,0.0008454311,0.021839002,-22.86382,0.15061352,-22.819305148971583
177,6.299964e-05,0.23226206,-5.8945465,0.4820011,-5.902360998784761
178,0.0009290461,0.017715951,-23.893435,0.13654669,-23.886072199319152
179,0.00088600244,0.022080703,-23.706625,0.1515477,-23.662915327599727
180,0.000931569,0.0180778,-23.882431,0.13787447,-23.874038442236106
181,0.00084425195,0.022202406,-22.820168,0.15181126,-22.82174326214428
182,0.00066664227,0.043712508,-21.421726,0.21066359,-21.32435109482684
183,0.00075923477,0.036604423,-22.658031,0.19329682,-22.641361564618077
184,0.0008194368,0.03985544,-23.657484,0.20168014,-23.67598260754326
185,0.001164544,0.047500562,-20.89671,0.2206017,-20.91189897662128
186,0.0009275025,0.018075224,-23.856396,0.13785037,-23.85965937282201
187,0.0011835856,0.015719555,-22.79574,0.13001208,-22.82950989169791
188,0.0006811841,0.0389506,-21.61752,0.19907734,-21.449882731453563
189,0.000105437284,0.6431319,-3.8858922,0.8020208,-3.8642218672501496
190,0.0007350005,0.03561635,-21.526043,0.1906603,-21.35961171469264
191,0.0009797912,0.037214834,-21.383224,0.19543445,-21.735400852903407
192,0.0007518857,0.053650744,-22.912561,0.23324372,-22.704899457902723
193,5.287599e-05,0.2556869,-5.895312,0.5057072,-5.924834999253409
194,0.00093668734,0.016979063,-23.927168,0.13384973,-23.902612741019627
195,0.0030487012,0.0021248604,-45.47587,0.07192747,-45.49420397264339
196,0.000771712,0.031408567,-21.515238,0.17938863,-21.615337893234454
197,0.00076012145,0.035315502,-22.730244,0.18993585,-22.687633326023803
198,0.0009285696,0.018267794,-23.907696,0.13855094,-23.900434366724333
199,0.0007359394,0.038591765,-22.686962,0.19831213,-22.600317165481062
200,0.0009331332,0.017572032,-23.893414,0.1360337,-23.902968433696532
201,0.0010312734,0.02134929,-22.730145,0.14960136,-22.896907495432416
202,0.0009568688,0.020094855,-23.203276,0.14509211,-22.943423996511836
203,7.409402e-05,0.22921316,-5.6823606,0.4788395,-5.667410902209894
204,4.81266e-05,0.26955372,-5.9206896,0.519232,-5.944754288162338
205,0.0011413402,0.0143142445,-23.110638,0.12432049,-23.164890346903203
206,6.4739725e-05,0.23046863,-5.7892027,0.48013893,-5.756093202996441
207,0.0008784724,0.029157287,-23.903482,0.17330827,-23.86549353639045
208,6.496482e-05,0.24313593,-5.700237,0.49315402,-5.663789863761921
209,5.6925615e-05,0.26962864,-5.7335496,0.51931256,-5.763643187066049
210,0.00066484365,0.21105549,-21.37684,0.46013078,-21.141120860051174
211,0.0012814086,0.024682738,-21.863918,0.16113394,-21.96383056644103
212,0.00093465956,0.049894504,-21.51324,0.22545324,-22.010020587309402
213,0.0007700592,0.03592999,-22.803001,0.19157256,-22.774983603123015
214,0.003413359,0.00061404845,-45.80404,0.06346186,-45.82285830017847
215,0.0008437417,0.022436565,-22.827894,0.15257885,-22.800399586653665
216,6.472113e-05,0.24731693,-5.507961,0.49737474,-5.629909302592089
217,6.518262e-05,0.21229151,-5.823417,0.46082175,-5.863589900175271
218,0.0007682637,0.03598833,-22.735844,0.1917201,-22.75631418633685
219,0.00094127335,0.016954297,-23.94469,0.13377433,-23.9253065122552
220,0.0008755388,0.03591169,-22.98839,0.19179997,-23.395304222496897
221,0.00070345297,0.043359578,-21.708658,0.20991196,-21.617909131888926
222,0.00077284034,0.03614398,-21.51587,0.19213751,-21.681559057516573
223,0.0009345066,0.01725295,-23.89835,0.13486087,-23.92033811145777
224,0.0009322189,0.017928777,-23.884912,0.13733535,-23.872606641409785
225,5.7717836e-05,0.233022,-5.980389,0.4827833,-5.997152352893188
226,0.0006846762,0.03819928,-21.492758,0.19719015,-21.309669316483458
227,0.00068531506,0.04964217,-21.623999,0.22433789,-21.422747469147996
228,0.0007751147,0.032601226,-21.470861,0.18269193,-21.503167803012005
229,0.0008855764,0.022940215,-23.687891,0.15435605,-23.65207653835862
230,0.000670244,0.056402802,-21.5544,0.23889966,-21.48683136249365
231,0.0006619499,0.17600541,-21.555643,0.42031816,-21.26476427069357
232,0.0006696758,0.042852204,-21.59849,0.20861898,-21.517789423676508
233,0.0008478311,0.022157606,-22.899618,0.15167543,-22.832928381050372
234,0.0009381186,0.01741304,-23.929245,0.13546646,-23.9372673639119
235,6.550678e-05,0.22582725,-5.851409,0.47528177,-5.840192507794968
236,0.00083933683,0.022531454,-22.882051,0.15287508,-22.82956231986925
237,0.0011372938,0.014766688,-22.95504,0.12611099,-22.983204739019033
238,0.0012876143,0.025485244,-21.803219,0.16362414,-21.91496172223606
239,0.0007622315,0.037166826,-22.665379,0.19475384,-22.678799290242125
240,0.00026335014,1.1547741,-2.5360646,1.0747267,-1.7487570486240138
241,0.003414148,0.0006176864,-45.782436,0.063496724,-45.828916093308656
242,0.0008832626,0.028905675,-23.924053,0.17259473,-23.90211153295708
243,8.169873e-05,0.4637905,-4.386377,0.68108165,-4.312549520333808
244,0.0007913572,0.034539707,-23.52487,0.18796559,-23.483818539295655
245,4.9335806e-05,0.2737068,-5.611521,0.5232171,-5.4186967468988145
246,5.1081355e-05,0.2627335,-5.94858,0.51262516,-5.975756042305926
247,0.0033402957,0.0013747739,-46.81742,0.06866636,-46.79956213287687
248,6.349098e-05,0.2316534,-5.855895,0.48136982,-5.844236426736813
249,0.0013448133,0.054311745,-20.689604,0.23591642,-20.729089297147866
250,0.0029858542,0.0023487206,-45.348682,0.073038176,-45.276260804751516
251,0.00076226034,0.036333118,-22.725943,0.1926016,-22.7030642234464
252,0.0007540793,0.03518597,-22.68995,0.18957861,-22.64800585391889
253,0.0007501205,0.041277647,-22.588066,0.20500675,-22.54557017847243
254,0.0009172725,0.018397491,-23.819244,0.13897757,-23.71528784299567
255,0.00087707647,0.029507333,-23.908705,0.17431125,-23.86831869782377
256,0.00076737656,0.035090152,-21.533503,0.18936084,-21.682943243553858
257,0.0009250996,0.018333813,-23.832237,0.13877648,-23.825723495687548
258,0.00076496636,0.03666809,-22.70132,0.19347623,-22.696701765397023
259,7.3010415e-05,0.2083818,-5.766368,0.45656854,-5.854996548294122
260,0.0009350038,0.017625645,-23.905844,0.13623747,-23.913200707255992
261,0.0004944792,0.037125513,-21.529324,0.19395874,-21.65960834041333
262,0.0026580428,0.0006283951,-45.78015,0.057327464,-45.82930960047191
263,0.0026281346,0.0007415812,-45.582268,0.058049254,-45.45096575352476
264,0.00065980916,0.022612493,-22.865692,0.15255262,-22.822576837428173
265,0.00078065216,0.018417016,-23.81339,0.13855565,-23.793881358706876
266,0.00092226214,0.032080438,-23.7356,0.18166645,-23.70566799839182
267,0.01307939,9.170617e-07,-94.83614,0.11436917,-94.8218837276764
268,0.0008526956,0.03982694,-23.616184,0.20169194,-23.71517948090718
269,0.00264147,0.000675741,-45.59743,0.057595234,-45.57447868278409
270,0.002875925,0.00244699,-45.41207,0.07295831,-45.25338773118334
271,4.4352375e-05,0.2521277,-5.6509104,0.50216734,-5.762710808370169
272,0.00078879966,0.018649384,-23.870337,0.1394209,-23.843960115460224
273,0.0006603901,0.022368858,-22.865887,0.1517539,-22.840808830192163
274,0.0007885926,0.018509647,-23.852203,0.1389181,-23.802546713855943
275,0.0007163215,0.034532525,-22.768335,0.18774676,-22.62795600352283
276,4.4016822e-05,0.23653992,-5.7876577,0.48639894,-5.860315174320876
277,0.0005530169,0.043221347,-21.593466,0.20922324,-21.57764832623024
278,4.8331298e-05,0.23883584,-5.755368,0.4887578,-5.72400644190248
279,0.0007227744,0.039551456,-22.671505,0.2006844,-22.57520656058566
280,0.0008820249,0.033350483,-23.776411,0.1850203,-23.740425641334074
281,0.00049746275,0.036169995,-21.298243,0.19148749,-21.511998756747566
282,6.332577e-05,0.2569303,-5.4083967,0.5069454,-5.406939291243676
283,0.0007818787,0.018328208,-23.886791,0.13823923,-23.894562611911084
284,0.000812606,0.07646189,-20.830267,0.2779829,-21.32382391084111
285,0.00072089874,0.03561517,-22.768707,0.19062021,-22.656624791247577
286,0.0008874532,0.030510386,-23.896267,0.17719436,-23.87437599063048
287,0.00088626513,0.02939952,-23.88879,0.17402811,-23.86669721393438
288,0.0007106746,0.030866321,-22.835382,0.17769916,-22.900568035711565
289,0.00088788813,0.028828312,-23.934423,0.17238387,-23.910122650610848
290,0.00059021864,0.041702636,-21.50327,0.20565227,-21.464321199525774
291,0.00091506494,0.033712342,-21.404852,0.1860844,-21.525962988468795
292,0.0028565007,0.0025439647,-45.251347,0.073487855,-45.276641358654
293,0.0008883415,0.028910955,-23.930925,0.17262474,-23.901638991731478
294,0.0008353611,0.015720997,-22.78232,0.12867151,-22.798833250082982
295,0.0007802573,0.01918284,-23.830326,0.14129083,-23.837945140052827
296,0.0013702109,0.08796897,-20.043865,0.2988966,-19.983709485295385
297,0.0026201117,0.0007548189,-45.553722,0.05809415,-45.22450557841037
298,0.006828112,0.95028174,-3.744409,0.97831994,-4.970139603506787
299,0.0005556244,0.044882797,-21.659327,0.2131629,-21.51932841654297
300,0.000776312,0.01948254,-23.823269,0.1423336,-23.79759848424293
301,0.00049515197,0.036346607,-21.53428,0.19194207,-21.707445939477964
302,0.0026082622,0.00074116595,-45.560936,0.057874244,-45.46269974124356
303,0.0026406494,0.0006717095,-45.63037,0.057553098,-45.55339239688187
304,0.00076832843,0.019926595,-23.769321,0.1438573,-23.745003661006027
305,0.00074125174,0.041865904,-22.596134,0.20641501,-22.525661511920145
306,0.0004777835,0.04034991,-21.267391,0.20205863,-21.52921065265836
307,0.000710275,0.032231845,-22.815662,0.18149965,-22.736189179057963
308,0.001324441,0.07982472,-20.161325,0.28486693,-20.079543706891815
309,0.0026252698,0.00068131165,-45.634888,0.05750288,-45.541499323319115
310,0.0007737245,0.018191129,-23.857864,0.13771294,-23.86759295738434
311,0.0004986025,0.03790746,-21.472094,0.19597465,-21.51037722820987
312,6.0522943e-05,0.2707941,-5.844269,0.52043694,-5.719406713962864
313,7.329078e-05,0.28764212,-5.648666,0.5363911,-5.427197727350116
314,0.0007280777,0.020348981,-23.750706,0.1451794,-23.552552893528766
315,0.0011472624,1.0573199,-17.798437,1.0288184,-18.070964987726025
316,0.00060040836,0.048517346,-21.483505,0.22162525,-21.471716724760473
317,0.0012553618,0.042582788,-22.430027,0.20937562,-22.693654172125193
318,0.00094789936,0.024405323,-21.928326,0.15922695,-22.009854426022883
319,0.0015077639,0.042972706,-22.366074,0.21090393,-22.413880552768937
320,0.00074501435,0.036489256,-22.76232,0.19296183,-22.751709312680372
321,0.0005616531,0.039692275,-21.72114,0.20063382,-21.7825474411452
322,4.8983773e-05,0.22960643,-5.808662,0.47922376,-5.789316569377532
323,0.000712171,0.03916051,-22.669147,0.19968145,-22.582336014106694
324,0.0006401072,0.05439473,-21.276659,0.23459505,-21.345545966058857
325,5.4258304e-05,0.24788275,-5.9216976,0.49793273,-5.879712225159839
326,0.0004943946,0.036507316,-21.585672,0.19235829,-21.697876104256636
327,0.0010931882,0.059924673,-22.375727,0.24701793,-22.55588794640833
328,0.0029816467,0.0033686485,-44.80006,0.07968874,-44.6502315099032
329,0.00052895804,0.05325389,-21.516357,0.23191129,-21.44977979150788
330,8.238219e-05,0.3748324,-5.0218897,0.61230284,-4.819184121308464
331,6.682185e-05,0.27021086,-5.822137,0.5198824,-5.771258179721592
332,0.002596886,0.0007994211,-45.391533,0.058277845,-45.33721775615625
333,0.0007405924,0.015408966,-22.954876,0.12708092,-22.94982332289741
334,0.00071923493,0.035149425,-22.80422,0.18939023,-22.726507792677662
335,0.0012445622,0.036835544,-22.743834,0.19514126,-23.121431088480428
336,0.001311193,0.04857788,-22.11002,0.22335862,-22.337451190211848
337,5.4596567e-05,0.251481,-5.883602,0.50153327,-5.7097474376848245
338,0.0011258081,0.05890415,-22.272903,0.24501012,-22.472878927565553
339,0.0028462245,0.0021596677,-45.40975,0.07075233,-45.45655582088023
340,9.970211e-05,0.44581428,-4.659346,0.6677679,-4.504153392887791
341,0.001279335,0.07011174,-20.340893,0.26719108,-20.344100705224506
342,0.0009423736,0.020165002,-22.272507,0.14528377,-22.351320332012442
343,0.0008361007,0.06747762,-20.76664,0.26136893,-21.168321380448184
344,0.00088862807,0.028842783,-23.93226,0.17242798,-23.903062341553337
345,0.00092509214,0.15735178,-19.93141,0.39784026,-20.272813444405248
346,0.0025942898,0.0008047292,-45.39103,0.058301106,-45.292438212610385
347,6.266624e-05,0.2728011,-5.9111047,0.52236366,-5.891949217379205
348,0.00071627536,0.037516613,-22.736282,0.19553232,-22.606965894661652
349,0.0006542105,0.022999218,-22.743649,0.15379672,-22.7180748306332
350,0.0007342043,0.036946215,-22.714436,0.19411445,-22.721492098165267
351,0.00090937724,0.019209974,-22.41448,0.1418427,-22.476474389758188
352,0.0006156131,0.055867743,-21.393242,0.23766227,-21.18530945618804
353,0.00088790944,0.028969992,-23.926144,0.17279439,-23.89646524747855
354,0.00055562623,0.046096366,-21.671902,0.21599072,-21.437247175650818
355,0.00077831396,0.01749823,-23.906385,0.13519077,-23.923033622754534
356,0.0025997532,0.0007115339,-45.527668,0.057543784,-45.381872580576974
357,6.564299e-05,0.27179134,-5.8152175,0.5213991,-5.72436765521065
358,0.0010478928,0.44372398,-18.952433,0.6669122,-19.376233008189505
359,0.0006665998,0.022871863,-22.870914,0.1534225,-22.79467348182787
360,0.0009408761,0.02139232,-22.172443,0.14944296,-22.250643572528876
361,0.0007326637,0.03695792,-22.75378,0.19414063,-22.73350803335267
362,0.0009555472,0.5325796,-20.56871,0.7304349,-21.75247025244148
363,0.00085630734,0.034621272,-23.698486,0.18835492,-23.744582737158233
364,0.00093205465,0.018820548,-22.3942,0.14054395,-22.475899284157773
365,0.0009293639,0.021414835,-22.09965,0.14947976,-22.084133527613687
366,0.0008891167,0.028849933,-23.930332,0.17245014,-23.896820118101257
367,0.0028470038,0.002356509,-45.370605,0.072135374,-45.32707176150309
368,0.001514891,0.042187653,-22.291302,0.20905153,-22.455017966140176
369,7.513778e-05,0.3369348,-5.5362883,0.5805256,-5.632306661712864
370,0.0007363044,0.03773344,-22.731968,0.19613706,-22.70197657239721
371,0.0006634024,0.023541579,-22.835794,0.15557949,-22.7601020380678
372,0.00066422304,0.022491947,-22.828596,0.15217151,-22.802095199858137
373,7.6243174e-05,0.26431873,-5.442047,0.51419353,-5.580935777157278
374,0.0006583436,0.023396026,-22.832785,0.15509471,-22.804245336071816
375,0.00078260864,0.017346036,-23.932087,0.13464266,-23.908060222706
376,0.0010951835,0.03722273,-23.22167,0.19574963,-23.525107365568207
377,0.0007450199,0.03685932,-22.70379,0.19391838,-22.708497938353712
378,0.00050184055,0.034085654,-21.508028,0.18597713,-21.703635879155577
379,4.9857612e-05,0.20998129,-5.732505,0.45829156,-5.8198895829374475
380,0.00071723294,0.033359956,-22.825933,0.18460009,-22.754531463636205
381,0.00079079025,0.016753098,-23.970581,0.13245334,-23.957032890630742
382,5.0240014e-05,0.23011306,-5.627655,0.47975338,-5.720290754304628
383,0.0011161729,0.04325391,-21.062159,0.21064207,-20.975062541716923
384,7.2790775e-05,0.2713166,-5.812005,0.52095044,-5.826327492679523
385,0.0006639501,0.022539869,-22.860416,0.152328,-22.763915743136316
386,0.0007785515,0.017541485,-23.904844,0.13535154,-23.91914109832954
387,0.0005608281,0.040088408,-21.717836,0.20161656,-21.78723204550897
388,0.0007234512,0.015895516,-23.174345,0.12891458,-23.197866311127257
389,6.4754364e-05,0.2741449,-5.7995424,0.5236503,-5.667749281850484
390,0.0007786857,0.018222846,-23.870111,0.13784605,-23.839585446485053
391,0.0029282637,0.0024077077,-45.360558,0.073047735,-45.3179466752522
392,0.0007730435,0.035948437,-22.791271,0.19162849,-22.796839608043246
393,0.001002001,0.03950008,-21.15179,0.2012513,-21.155117883784445
394,7.724357e-05,0.23716073,-5.4507704,0.4870708,-5.525737063568005
395,6.67342e-05,0.26923496,-5.7626343,0.51894283,-5.821055767068866
396,0.00090516376,0.014001134,-23.243267,0.122091345,-23.317288841248235
397,0.00057953165,0.044381734,-21.666187,0.21204072,-21.55225485398022
398,0.00056586217,0.046331305,-21.663054,0.21655753,-21.567678908393642
399,5.6513276e-05,0.25616908,-5.9713707,0.5061873,-5.938717871720368
400,0.00087029365,0.029668283,-23.91457,0.1747529,-23.879258175554554
401,0.0008513787,0.018471187,-23.836775,0.13900563,-23.821371276273116
402,5.397567e-05,0.23439269,-5.760778,0.48419693,-5.71615498264117
403,0.0007765746,0.03310611,-22.829607,0.1840725,-22.722702279259906
404,0.00056636834,0.037592344,-21.535034,0.19534254,-21.687891106788317
405,0.0032496573,0.0004430209,-46.943775,0.060767412,-46.91888542163845
406,0.00085907226,0.017428521,-23.496113,0.13523163,-23.57397921105858
407,0.0007652936,0.022099663,-22.88108,0.15121163,-22.845722326051888
408,0.0009393205,0.03665795,-23.46981,0.19390017,-23.82848541805228
409,0.0030033414,0.00073272444,-45.59754,0.061123364,-45.464491835491565
410,0.0008725662,0.01657869,-23.588299,0.13210319,-23.749185967363438
411,0.00086209364,0.017061565,-23.937252,0.13387927,-23.93502599086067
412,0.00086042733,0.016671212,-23.981335,0.1324071,-23.97187105687851
413,0.0008572289,0.01739668,-23.941854,0.13510703,-23.930573610200586
414,0.0029146473,0.0024174496,-45.378212,0.07302121,-45.39904695681135
415,0.00045186112,0.15619451,-19.757343,0.39578578,-19.95849778088344
416,0.0008511498,0.04880708,-22.115732,0.22284126,-22.083511244515005
417,0.0008557273,0.017493213,-23.93689,0.13545826,-23.895215839566866
418,0.0008570704,0.018500304,-23.830795,0.13913079,-23.816578783224017
419,2.9981273e-05,0.32665938,-5.189044,0.5715675,-5.184959457789288
420,0.00094787835,0.07854913,-20.253962,0.28195214,-20.11905788524066
421,0.0009862205,0.017037597,-22.578646,0.13425282,-22.59968203755815
422,0.0007559451,0.022865212,-22.851248,0.15369175,-22.766266987782377
423,0.00076690863,0.041023888,-22.605066,0.20442797,-22.56970151279177
424,0.0005727242,0.051848195,-21.632679,0.22895615,-21.570077455947224
425,7.626007e-05,0.28500775,-5.612708,0.53393257,-5.575790119313525
426,5.4774842e-05,0.32136124,-5.71441,0.56693566,-5.643993230964213
427,0.00075041025,0.022134645,-22.86054,0.15127806,-22.81554944861512
428,5.10156e-05,0.24908197,-5.9937687,0.49913225,-5.981115386928556
429,0.00089760957,0.01704468,-22.827168,0.13394883,-22.883474008793236
430,0.00012776541,0.3244353,-5.5798883,0.56970435,-5.487812932107063
431,0.0005962232,0.044846002,-21.703161,0.21317181,-21.551730588351962
432,0.0005444535,0.031454355,-21.408636,0.1788821,-21.523194979949377
433,0.002952305,0.00062771764,-45.8012,0.059833292,-45.825537275188225
434,5.3411997e-05,3.9705467,0.5976137,1.9926364,2.8820625234917316
435,0.0008670026,0.01728409,-23.5926,0.13472599,-23.735667720516858
436,0.0011239127,0.090861,-21.25096,0.30329016,-21.636360710457627
437,0.0009883351,0.026330769,-21.774427,0.16528492,-21.85954288988595
438,0.0009931764,0.044830687,-20.962357,0.21406509,-20.977077390288965
439,0.0007663689,0.034282453,-22.785599,0.18721332,-22.76765755196111
440,0.00084575504,0.021110907,-23.760458,0.1481778,-23.71295252663165
441,0.0030224477,0.00071715267,-45.677032,0.061152272,-45.54794298612638
442,0.00080429594,0.024753202,-22.843367,0.15986712,-22.459376054836667
443,0.00076477655,0.034596715,-22.792763,0.18804651,-22.727075072349702
444,0.0009144114,0.034007825,-23.664312,0.18687491,-23.862291313470976
445,0.0029342738,0.0023231516,-45.40386,0.072508104,-45.36366212667955
446,0.00078431796,0.03520879,-22.823671,0.1897185,-22.767535173588588
447,0.0008202943,0.021465382,-23.963274,0.14928387,-23.952637031439323
448,0.00087099447,0.029970413,-23.876345,0.17561722,-23.859316481732957
449,6.856129e-05,0.27356353,-5.689573,0.5230986,-5.721116692102404
450,0.0005610138,0.035664953,-21.554333,0.1903312,-21.699440601809638
451,0.0030058313,0.0007032168,-45.60974,0.060901955,-45.536786542592914
452,0.0008645163,0.10471406,-21.601925,0.32492855,-21.48895023392986
453,0.0011861852,0.041140348,-22.350384,0.20573413,-22.55944649561646
454,0.0006730238,0.04081797,-21.622417,0.20369337,-21.469134954359266
455,0.00087113807,0.029312316,-23.906658,0.17373386,-23.88097430005809
456,0.00086489605,0.030928433,-23.846893,0.17830685,-23.85852203412077
457,0.000655515,0.03814747,-21.63555,0.19698474,-21.554213136435052
458,0.00056546327,0.036454983,-21.47619,0.19240698,-21.598595375742445
459,0.0005811679,0.043084256,-21.702515,0.20896274,-21.54819467649012
460,5.6002686e-05,0.25941515,-5.9201584,0.5093831,-5.830976319307554
461,0.00049456506,0.18825684,-19.79959,0.4344553,-19.082602598657616
462,7.0408976e-05,0.28550008,-5.8445024,0.53438795,-5.728115985970849
463,0.0011878029,0.040913824,-22.476109,0.2051868,-22.58345590658204
464,0.00087297056,0.028848285,-23.920664,0.17239854,-23.886205342528918
465,0.0029132313,0.0021772315,-45.46643,0.07134748,-45.44581868466313
466,0.0010660889,0.026957985,-21.702808,0.16740392,-21.801236201348836
467,0.00075821707,0.035432287,-22.744457,0.19023801,-22.683206610915494
468,0.0005625231,0.036099136,-21.473768,0.19147234,-21.612053564055486
469,0.00055705826,0.036601692,-21.523357,0.19276606,-21.652685060937664
470,0.00065685663,0.051680654,-21.448078,0.22877394,-21.464150571439166
471,6.789198e-05,0.26964065,-5.760687,0.51933473,-5.735422775985977
472,5.5692068e-05,0.22527471,-5.910531,0.47468978,-5.968264259269244
473,5.5450815e-05,0.22674444,-5.69987,0.47623512,-5.663759401143899
474,0.0008627795,0.021427598,-23.736631,0.14929962,-23.685304380731882
475,5.011476e-05,0.24024343,-5.7653975,0.49019745,-5.736927768513017
476,0.00085860124,0.017144997,-23.937544,0.13417749,-23.936769702106304
477,0.0004361803,1.0411375,-17.956364,1.0205752,-18.50957409981864
478,0.0032866441,0.0014000991,-46.8275,0.068459794,-46.794318682117286
479,0.012938019,1.0256484e-06,-93.821915,0.11374992,-93.76354484165064
480,0.0007910131,0.036432497,-22.251303,0.19293395,-22.581463535147456
481,0.0008677704,0.030271586,-23.90063,0.17646347,-23.8722678599346
482,0.0008782607,0.015443981,-23.262424,0.12775853,-23.318756304250005
483,0.012933234,1.0340207e-06,-93.80849,0.11372892,-93.76728682972555
484,5.8905076e-05,0.35187757,-5.413997,0.59324235,-5.54489336813002
485,0.00043378657,0.45800024,-19.078152,0.67707753,-19.745634904406213
486,0.0007703324,0.022774624,-22.890738,0.15344366,-22.83213283495846
487,0.0010650051,0.023869215,-21.918793,0.15790573,-22.002158737468665
488,0.000852165,0.01788851,-23.901882,0.1368966,-23.900071965640063
489,0.0008278816,0.041099746,-23.358105,0.20476237,-23.201528425357633
490,0.0007419472,0.022131253,-22.849176,0.15123889,-22.798786929339606
491,0.0007531526,0.035104312,-22.726093,0.18936068,-22.65472984635027
492,0.00086943025,0.029807542,-23.901077,0.17514843,-23.857532615247873
493,6.236297e-05,0.21400146,-5.713626,0.46267033,-5.792500952016898
494,0.0009830792,0.046256248,-20.936172,0.2173461,-20.914619536929415
495,0.00057321694,0.044616133,-21.69155,0.21257786,-21.562939730014726
496,0.00076340116,0.0364099,-22.724604,0.19280379,-22.69905358127878
497,0.0005569813,0.048370846,-21.611118,0.22119635,-21.53371943003474
498,0.00068789686,0.1770829,-19.308125,0.42162874,-18.956738562176962
499,0.00055575283,0.049146373,-21.561321,0.22293974,-21.47142303084872
500,5.3965632e-05,0.22366276,-5.832039,0.47298703,-5.8157315403064285
501,5.092664e-05,0.24619976,-5.9676924,0.49623653,-5.914782536886009
502,5.3846543e-05,0.2233099,-6.0118227,0.47261375,-5.9971012358388
503,0.00013096115,0.3627263,-5.4989223,0.60237634,-5.5326819259021445
504,0.00056154,0.037281625,-21.504908,0.1945332,-21.58122947667203
505,0.0029462967,0.000752482,-45.47898,0.060817588,-45.351200683500714
506,6.523939e-05,0.3163498,-5.745969,0.5625078,-5.65060194738613
507,5.585506e-05,0.22223023,-5.8063264,0.47147223,-5.789895945456868
508,0.00064894574,0.0488581,-21.527508,0.22250178,-21.56725957481337
509,0.00056621747,0.03508087,-21.527716,0.18880436,-21.548957249809995
510,5.4327666e-05,0.22363433,-5.8038363,0.47295734,-5.7811457138835305
511,0.000863916,0.017404888,-23.89387,0.13516213,-23.843525327001313
512,0.0005776516,0.045928456,-21.647945,0.21565275,-21.625129107218164
513,0.00085029635,0.0181833,-23.90393,0.1379623,-23.897945154881945
514,0.0010602796,0.02094845,-22.162903,0.14835338,-22.238848060761146
515,8.0801794e-05,0.27738443,-5.651801,0.5267497,-5.469538809729434
516,0.0011143921,0.044911917,-22.997318,0.21453743,-22.86806243423719
517,0.00057475886,0.033569288,-21.539,0.18478107,-21.738728497305477
518,0.0005727192,0.050431617,-21.686375,0.22584139,-21.585314033448864
519,0.00058419834,0.047802087,-21.636814,0.21996883,-21.55597433865353
520,5.328816e-05,0.24071293,-5.7235384,0.49067932,-5.666230647953635
521,0.00073208206,0.02212369,-22.808159,0.15118127,-22.820732456077497
522,0.0007057834,0.05122698,-21.547527,0.22788762,-21.483551660323126
523,0.0007665726,0.036198277,-22.751627,0.19226244,-22.71716340971947
524,0.00078333524,0.042244192,-22.612324,0.20743078,-22.598984587629506
525,0.0008173387,0.036996793,-22.770899,0.19445856,-22.723651382028113
526,0.00066651456,0.041839536,-21.516602,0.20616995,-21.317541367804772
527,0.0006985017,0.06107968,-21.343042,0.24855217,-21.29494132583301
528,0.00015410055,0.58468664,-4.1266503,0.7647488,-3.5327076721054236
529,0.00088563416,0.015462776,-22.711224,0.1278609,-22.67807458731757
530,0.0009347309,0.01994263,-23.84262,0.14449,-23.71565131629576
531,0.00076360593,0.021987598,-22.894339,0.15083502,-22.79515303546333
532,0.00079981,0.038650893,-22.65396,0.198622,-22.590050051143702
533,0.000783602,0.03900246,-22.573832,0.19946444,-22.566257141113322
534,0.00080918625,0.03542856,-22.817865,0.19036214,-22.787483334848012
535,0.0006694017,0.03732636,-21.44159,0.19492501,-21.645214369628057
536,0.00074136315,0.021828102,-22.867033,0.15023138,-22.842737212072585
537,0.0011665276,0.033083335,-21.40325,0.18506718,-21.303133437399254
538,0.0008922243,0.034225006,-23.749762,0.18739592,-23.80608758364927
539,0.0008840688,0.15988679,-20.41033,0.4009624,-20.175278570911917
540,0.0007809962,0.03409815,-22.761755,0.18675959,-22.649082533960883
541,0.0008795276,0.01667631,-23.963682,0.13249844,-23.92862454762019
542,0.000744388,0.022063043,-22.86232,0.15102129,-22.849024995834853
543,0.0016148868,0.08561832,-20.094028,0.29535267,-19.894158000233357
544,0.00079513236,0.037533283,-22.725979,0.19577645,-22.66785555122504
545,0.001522152,0.06960035,-20.394901,0.26668802,-20.330920989034848
546,0.0008879945,0.038363118,-23.61687,0.19811894,-23.681260497246207
547,0.00064007466,0.04662247,-21.625973,0.21739951,-21.617346068198472
548,0.000811653,0.03810482,-22.674643,0.19727258,-22.637365242737214
549,6.028699e-05,0.20802331,-5.757493,0.45616183,-5.851002567166237
550,0.00079230283,0.036468558,-22.696392,0.19303073,-22.678278115195656
551,0.0013650013,0.05093523,-20.833023,0.22869244,-20.758393258199124
552,0.0007794725,0.032679185,-22.814508,0.18291707,-22.742463768590156
553,0.0006700889,0.038627807,-21.413681,0.19823697,-21.6203521583448
554,0.0006498776,0.051097225,-21.445004,0.22747989,-21.458198960509375
555,0.0015481561,0.075162984,-20.318247,0.27696776,-20.19778214103271
556,5.1788884e-05,0.40593824,-5.5295744,0.6371735,-5.546991538971445
557,0.0008853859,0.01813399,-23.819668,0.13791075,-23.811813849340304
558,0.003047313,0.00069071614,-45.736843,0.061139423,-45.610418402027165
559,0.0007471446,0.022071768,-22.860182,0.1510593,-22.846849391047275
560,0.0013055949,0.036165208,-21.239334,0.19357376,-21.336270757307904
561,0.00078117056,0.034511663,-22.662142,0.18786387,-22.58464358352002
562,5.6222398e-05,0.22958133,-5.821065,0.47920513,-5.804138557181403
563,0.00075337524,0.022000596,-22.812632,0.15084419,-22.805825350879996
564,0.0006595399,0.05105709,-21.555704,0.22741291,-21.458132951276188
565,0.0008760475,0.01713829,-23.9269,0.1342175,-23.929817978378587
566,0.00068390823,0.037404697,-21.48548,0.19516303,-21.27829745154415
567,0.00094513514,0.022991793,-23.36681,0.15471564,-22.975928099083646
568,0.0008797134,0.018907603,-23.821407,0.1406674,-23.836075370232308
569,0.0006686054,0.03574101,-21.534155,0.19081303,-21.691449566699834
570,0.0030816048,0.0023848491,-45.282223,0.07393547,-45.32078198498211
571,0.0007937037,0.035428602,-22.790323,0.19032158,-22.77555647499518
572,5.773366e-05,0.20742884,-5.7794437,0.45550695,-5.879852613869968
573,5.475034e-05,0.20807898,-5.786489,0.45621675,-5.840105004999928
574,0.0008070151,0.036910214,-22.742207,0.19420923,-22.730154568246093
575,6.3198495e-05,0.27809325,-5.8017435,0.5274054,-5.779809071066481
576,0.000863582,0.017721374,-22.374798,0.13632666,-22.32084050274425
577,0.00079631817,0.03463527,-22.769747,0.1882328,-22.756246015600446
578,0.0006557603,0.04555147,-21.560638,0.21495867,-21.50556353575268
579,0.0030191988,0.0006633943,-45.70586,0.06068437,-45.57771756786956
580,5.748264e-05,0.23947406,-5.974902,0.4894196,-5.938006827138446
581,0.0006601588,0.035445444,-21.487091,0.19001475,-21.61458417341046
582,6.660393e-05,0.24138746,-5.7550144,0.49137977,-5.58092679890879
583,0.0009261641,0.029199725,-23.912151,0.17356811,-23.896072561713087
584,0.0006527694,0.032675456,-21.488836,0.18256019,-21.4798588687691
585,5.524076e-05,0.22251797,-5.853062,0.47177663,-5.844618150687459
586,0.0010028825,0.016460022,-22.615017,0.13214728,-22.61608748005919
587,0.00089495536,0.017473677,-23.158566,0.13553092,-23.096512515936865
588,0.003086161,0.0020372602,-45.41906,0.07157808,-45.38561882993843
589,0.0007809281,0.033907693,-22.774204,0.18624882,-22.64583854780644
590,0.00075008185,0.022046333,-22.883192,0.15098482,-22.835119628502145
591,0.001107585,0.07323,-20.440351,0.2726492,-20.608305165151908
592,0.00064825366,0.04326102,-21.606281,0.2095454,-21.514625551679735
593,0.0008758134,0.018973017,-23.818851,0.14088587,-23.82918052581637
594,0.0009018488,0.018962739,-23.973467,0.14094178,-23.920920042339368
595,5.5502045e-05,0.26200366,-5.548235,0.5119171,-5.53277994337257
596,0.0005475085,1.1691852,-16.914373,1.0815418,-16.88186547501273
597,0.00065523456,0.034456633,-21.454422,0.18738161,-21.383168737888326
598,0.0006339183,0.047617488,-21.637661,0.21966203,-21.64042693299962
599,0.0013461479,0.048317786,-20.901546,0.22285406,-20.837157794639634
600,0.0012957077,0.039477717,-21.114077,0.20192431,-21.159300073924925
601,5.9706297e-05,0.22809446,-5.8674192,0.47765487,-5.927310668214926
602,0.0008804991,0.01749361,-23.902714,0.13555112,-23.89412704604629
603,0.00092032633,0.024470776,-23.990507,0.15934585,-23.975325773174784
604,5.6330144e-05,0.21939611,-5.744625,0.46845752,-5.831964398074724
605,6.400458e-05,0.25377256,-5.7365184,0.50382197,-5.73183509507323
606,0.00087904395,0.017810903,-23.873098,0.13671118,-23.890378893879383
607,0.0007830331,0.034702014,-22.710888,0.18837476,-22.620331398350217
608,0.0010174711,0.036080446,-22.955135,0.1926082,-23.336128474437263
609,0.0012738163,0.046769574,-20.972223,0.21918802,-20.804100678841674
610,0.0008779643,0.0201081,-23.767609,0.14486568,-23.742729896267424
611,0.00034866206,1.6208477,-2.0654142,1.2732621,-3.4013561921970177
612,0.000750409,0.021877017,-22.807238,0.15042415,-22.759662398702016
613,0.0007524516,0.021924758,-22.876062,0.15058954,-22.82881763147773
614,6.621839e-05,0.27752313,-5.8651857,0.5268675,-5.77974073092916
615,7.7889825e-05,0.26542813,-5.346299,0.5152728,-5.344768084586498
616,0.0008891462,0.019457692,-23.742334,0.14264235,-23.69881389095616
617,0.0006593972,0.036297783,-21.508154,0.1922425,-21.52609303827337
618,7.278006e-05,0.2789677,-5.6985106,0.5282428,-5.502242448850979
619,0.0016324731,0.09338005,-20.09589,0.308241,-19.823559477572413
620,5.7833902e-05,0.23242953,-5.7366686,0.48216945,-5.707754189699247
621,0.0009112807,0.037498057,-23.448694,0.19598301,-23.71201085714912
622,0.0006753374,0.042727802,-21.375317,0.20833421,-21.145453521342265
623,0.00089774816,0.017427538,-23.87891,0.13537093,-23.792985552880857
624,0.0007744843,0.033801813,-22.77117,0.18594703,-22.704454787625373
625,0.00087773975,0.018826518,-23.852829,0.14037186,-23.832650518398285
626,0.0006371752,0.042228624,-21.439383,0.20704056,-21.359674784360315
627,0.0007781421,0.03261782,-22.822895,0.18274562,-22.75005213050266
628,0.00080676685,0.034810126,-22.814621,0.18872438,-22.785342945096392
629,0.00065449264,0.03384518,-21.528679,0.18574087,-21.582034331934988
630,0.0007819351,0.03784435,-22.726404,0.1965357,-22.71793438873909
631,0.0006552638,0.044775844,-21.685028,0.21314575,-21.54740632205794
632,0.0015160971,0.13136336,-19.705929,0.36452636,-19.546248761046048
633,0.00065248285,0.046139557,-21.50492,0.21631469,-21.552065841298187
634,0.0007723831,0.035733692,-22.776367,0.19106562,-22.706549795659562
635,0.0007414815,0.022306722,-22.789997,0.15181635,-22.790919916054076
636,0.0008173691,0.03657842,-22.739475,0.19337991,-22.688078602238022
637,0.0014305206,0.06563027,-20.551819,0.258961,-20.334031153062572
638,5.8322137e-05,0.2351522,-5.9569283,0.48498508,-5.907413623353245
639,0.0030901819,0.0021175686,-45.437325,0.072164744,-45.45619106985054
640,0.0006752958,0.03778977,-21.695038,0.19612512,-21.484501468272192
641,0.00076991686,0.030378094,-22.841703,0.176488,-22.90072127984994
642,0.0008095296,0.04037025,-22.603872,0.202928,-22.523002091553924
643,7.202701e-05,0.2871036,-5.80449,0.5358877,-5.683495992479359
644,0.0010440464,0.06967614,-22.143301,0.26593268,-22.040933597040983
645,0.0006238873,0.049758635,-21.554375,0.22446051,-21.533593906583153
646,0.00064167165,0.047324196,-21.613615,0.21901111,-21.6307140735049
647,0.002996672,0.00071414985,-45.4701,0.060916513,-45.40642639355541
648,5.6845172e-05,0.24077162,-5.679404,0.49074277,-5.636184722713974
649,0.00080722105,0.036076695,-22.798182,0.19205186,-22.779924059991874
650,0.00066455634,0.036979485,-21.47515,0.19402072,-21.67338388755193
651,0.00085522584,0.039603733,-23.284557,0.20114413,-23.389800183885875
652,0.00046871015,0.016842509,-22.897778,0.13157211,-22.834919182669935
653,0.0006642866,0.03196766,-23.861677,0.18064314,-23.852948815590477
654,0.00052385934,0.036221925,-22.744993,0.19169189,-22.70966038844238
655,3.4019835e-05,0.21485908,-5.699771,0.46356565,-5.7765068123106715
656,0.00066810945,0.029661555,-23.88444,0.17415415,-23.869606920869234
657,0.0008414464,0.070259,-20.411953,0.26664665,-20.37900600798451
658,0.0003221424,0.035315417,-21.517405,0.18877913,-21.667041841656268
659,0.00046685943,0.022721838,-22.847948,0.15227835,-22.82802746353672
660,0.0006989197,0.4790191,-20.509594,0.6926168,-20.38578360136009
661,3.616019e-05,0.22606142,-5.9975467,0.4754972,-5.997780889380657
662,0.0006663585,0.031550974,-23.864939,0.17949186,-23.842462984974073
663,0.000581234,0.019784996,-23.80666,0.1427103,-23.77551480252316
664,0.0018027624,0.00060949585,-45.811462,0.049114745,-45.81628980202865
665,0.0005510396,0.03797161,-21.431545,0.19627188,-21.81890331691354
666,0.0004177461,0.04877009,-21.574257,0.22178331,-21.571196140849892
667,0.0004053396,0.0474724,-21.584372,0.21880983,-21.59859005143241
668,0.00032300607,0.035882775,-21.545383,0.19027816,-21.6956095213288
669,0.0005763255,0.017233023,-23.945452,0.13345167,-23.94065605324675
670,0.0005995159,0.053857375,-21.527706,0.23336,-22.03185672504794
671,0.0017600186,0.00076990016,-45.440025,0.050298296,-45.24770871390255
672,0.00057548715,0.017419286,-23.939648,0.13414459,-23.936330946514378
673,0.0005345286,0.035680965,-22.805935,0.19030368,-22.777699518037824
674,3.980678e-05,0.2798202,-5.551938,0.529018,-5.5815535665355585
675,0.00045150562,0.0153256105,-23.510817,0.125607,-23.647133392085866
676,0.0010458351,0.043717798,-22.330923,0.21157418,-22.563280541926478
677,0.00034414805,0.052999515,-21.499554,0.23096247,-21.37765179920075
678,0.0004494855,0.023131326,-22.817574,0.15356044,-22.7732424026878
679,0.00059001,0.020524124,-23.74912,0.14530703,-23.69599360669338
680,0.000412883,0.043933384,-21.32229,0.21058553,-21.112080725626253
681,0.0006255814,0.025345903,-23.290941,0.1611567,-22.991734940471385
682,0.0004563662,0.022342985,-22.849619,0.15099454,-22.809038302524076
683,0.00053915224,0.03620504,-22.786057,0.19168775,-22.734515149368608
684,0.00053568545,0.037227355,-22.755167,0.19432715,-22.74360858391233
685,0.0009160456,1.045636,-17.927488,1.0230113,-18.415174243699575
686,0.00045107037,0.015689457,-23.308338,0.12704538,-23.370176001219637
687,0.00057888706,0.017014207,-23.965073,0.13263896,-23.93804495416324
688,4.5892288e-05,0.29028988,-5.7041693,0.53882813,-5.80113011774648
689,0.0004692207,0.013970269,-23.296877,0.120164424,-23.378109933775878
690,0.000107647655,1.4216956,-2.0822554,1.1923939,-2.5542803191414216
691,0.00054798386,0.018752312,-22.515306,0.13892551,-22.574142397925375
692,0.0005324368,0.036209375,-22.73413,0.19168153,-22.740626328737598
693,0.000844624,0.046326436,-20.897095,0.217189,-20.88417805924033
694,0.0010784694,0.07530419,-20.240217,0.27637413,-20.22507315697402
695,0.0005887412,0.017341677,-23.91842,0.13390452,-23.932087026811892
696,0.0020780782,0.0024904902,-45.401207,0.06759118,-45.313986668200066
697,0.00044872466,0.02268539,-22.799603,0.15209903,-22.80925224865695
698,0.0004648154,0.022482658,-22.856375,0.15148424,-22.82698180881301
699,0.0011542148,0.044252038,-22.45817,0.21308742,-22.341259901236246
700,0.0003217148,0.035851665,-21.567287,0.19019301,-21.695516086875397
701,0.00057987624,0.020495191,-23.78025,0.14517255,-23.72631410914832
702,0.00058525166,0.019383306,-23.836895,0.14131016,-23.7538067515742
703,0.00067128136,0.02882604,-23.922806,0.17174783,-23.88140781997995
704,0.0003416824,0.045720965,-21.61526,0.21462211,-21.55297200093459
705,0.0008970585,0.17126289,-19.552017,0.4149216,-19.61624240294118
706,0.0006823759,0.028131142,-21.644855,0.16974545,-21.59398399282299
707,0.0005144948,0.035942484,-22.777233,0.19093712,-22.6829702421422
708,0.0009474607,0.057386123,-20.654423,0.24152346,-20.59448639779934
709,0.00078059186,0.043464947,-21.041447,0.21034624,-20.868233597994006
710,0.0005379805,0.035048418,-22.836746,0.18864357,-22.763217347812564
711,0.00057810947,0.019672139,-23.839218,0.14230336,-23.792440445687145
712,0.0027242838,2.1176257,-17.215895,1.4561421,-19.180024976351923
713,0.0005392422,0.038478665,-22.721142,0.19752951,-22.67015509838876
714,0.0018167719,0.00065435824,-45.715187,0.049710464,-45.629021925796835
715,0.00067188486,0.02900227,-23.927774,0.17226188,-23.883884462668586
716,0.000410307,0.047632165,-21.360432,0.21918593,-21.166508701165505
717,0.0005357716,0.03784445,-22.711979,0.19590871,-22.72301937085201
718,2.9180863e-05,0.22089286,-5.8104844,0.47002345,-5.896143511806009
719,0.0006681862,0.028608436,-23.946053,0.17110413,-23.906880736663247
720,0.0005781691,0.016766071,-23.97417,0.13169754,-23.95098993583855
721,0.0003518056,0.04460275,-21.631542,0.2120249,-21.533677138899332
722,0.0018101266,0.0006306354,-45.812256,0.04940407,-45.82585499185689
723,0.00035778407,0.043161742,-21.691519,0.20861334,-21.517795881922254
724,0.00045957495,0.02439099,-22.794586,0.15764062,-22.715702360315138
725,0.0006724905,0.029485185,-23.894962,0.17365965,-23.85395486858268
726,3.2485874e-05,0.23454115,-5.8389573,0.48432803,-5.816554690868197
727,0.00013430991,0.34143794,-5.193358,0.58444184,-4.902154869333134
728,0.00060678885,0.03066,-21.562546,0.17682418,-21.715731645706203
729,0.0005786599,0.018964922,-23.854864,0.13979836,-23.837551123373537
730,0.0010933842,0.13144355,-21.61255,0.36405623,-21.80384538909123
731,0.0004758512,0.017815592,-22.712227,0.13524586,-22.617447777941372
732,0.0007428186,0.33506665,-19.689709,0.5794907,-20.148186403411074
733,0.0007832892,0.15553153,-19.817106,0.3953667,-20.06699559150781
734,0.0005105623,0.03379201,-22.803104,0.18520954,-22.755995648270872
735,0.00016118302,1.8084732,-1.4950047,1.3448548,-1.5415135944483507
736,0.00058870163,0.017914599,-23.910336,0.13602684,-23.897348474958736
737,0.00040869723,0.048645306,-21.51811,0.22148138,-21.565746881767325
738,0.0011218115,0.08913632,-20.035131,0.3004299,-19.818851440728473
739,0.00059542025,0.020218447,-23.7763,0.14427012,-23.722239995478482
740,0.002069998,0.0023557574,-45.40725,0.06652635,-45.4166575955557
741,0.0009760886,0.078203775,-20.365131,0.28138918,-20.019596755914375
742,3.616751e-05,0.21251333,-5.6902514,0.4610309,-5.772862565280773
743,0.0018193756,0.00065224216,-45.69587,0.049715366,-45.63911836739952
744,0.00064948597,0.0883626,-20.8615,0.29834893,-21.416795673912695
745,0.000698257,0.3931383,-20.740032,0.627564,-20.53022677661164
746,0.0020902127,0.0004441125,-46.952354,0.050342083,-46.91893483220856
747,0.00066330837,0.030225918,-23.903519,0.17575331,-23.905868036983097
748,0.00066121126,0.030668402,-23.876436,0.17700173,-23.828725047465163
749,0.00035174674,0.046671897,-21.668072,0.21684936,-21.64528962434294
750,0.00058842864,0.018278925,-23.869053,0.13735849,-23.85322994954056
751,0.00053389434,0.018656064,-23.416828,0.13852783,-23.330506032465767
752,0.00053040095,0.03625884,-22.798063,0.19180521,-22.785241640722948
753,0.0005079343,0.03050428,-22.846003,0.17610285,-22.749786451431454
754,0.00038679555,0.061024785,-21.263031,0.2478136,-21.208826413441134
755,3.9408806e-05,0.23111236,-5.9320574,0.48078245,-5.9113697184261556
756,0.0006285212,0.027974695,-23.869946,0.16912486,-23.833819427389347
757,0.000665758,0.0313387,-23.864552,0.1788979,-23.83574862213141
758,0.0009364558,0.106147006,-22.066088,0.3272361,-22.09399741524629
759,0.00040910006,0.048369266,-21.551914,0.22085825,-21.602741528793008
760,0.00065726624,0.029430503,-23.832418,0.17345826,-23.828544896158043
761,0.0020683883,0.0022051353,-45.522957,0.06537219,-45.51339143712496
762,0.00035272833,0.04508228,-21.646513,0.2131549,-21.519633902859475
763,0.0006711052,0.030524379,-23.866314,0.17662244,-23.841228754859095
764,0.0004148339,0.05247891,-21.484993,0.2299864,-21.474209975304504
765,3.1313364e-05,0.24464175,-5.625107,0.49464437,-5.737134362120976
766,0.00044819692,0.021980613,-22.838165,0.14976251,-22.760588658610622
767,0.0005491842,0.019011136,-22.191387,0.13985822,-22.131101933867043
768,0.00045212457,0.02201071,-22.871883,0.14987607,-22.856450707261807
769,2.9451392e-05,0.23539186,-5.7124815,0.48520234,-5.659187044583931
770,0.0005032361,0.033568628,-22.75719,0.18458565,-22.70316340177285
771,0.00039828446,0.044905595,-21.320314,0.21284708,-21.247454112863004
772,0.0004565861,0.024498932,-22.794031,0.15797316,-22.717177024169203
773,0.0006749801,0.03278639,-22.639637,0.18292451,-22.5964024699892
774,0.00050722307,0.03348163,-22.841639,0.18436067,-22.725688974971057
775,5.0812007e-05,0.2687261,-5.8782396,0.518437,-5.914829615895341
776,2.8516559e-05,0.22284403,-5.711361,0.4720938,-5.553427366658073
777,0.0005314838,0.03500888,-22.810411,0.18852152,-22.77541914206726
778,0.00042526805,0.89745617,-17.719639,0.9475661,-16.80183171666283
779,2.8179104e-05,0.22517686,-5.7935095,0.47455773,-5.765219664809412
780,0.0018527824,0.00083995983,-45.467236,0.05189164,-45.092570488056225
